{
  "best_layer": 47,
  "best_macro_f1": 0.5728071213234099,
  "per_layer": {
    "17": {
      "multinomial_accuracy": 0.5903954802259888,
      "multinomial_macro_f1": 0.5650925804943888,
      "binary_probes": {
        "angry": {
          "accuracy": 0.9110169491525424,
          "f1": 0.45217391304347826,
          "cosine_sim": 0.33181363344192505
        },
        "afraid": {
          "accuracy": 0.9124293785310734,
          "f1": 0.38,
          "cosine_sim": 0.3215677738189697
        },
        "happy": {
          "accuracy": 0.9265536723163842,
          "f1": 0.5094339622641509,
          "cosine_sim": 0.4319882392883301
        },
        "sad": {
          "accuracy": 0.9096045197740112,
          "f1": 0.39622641509433965,
          "cosine_sim": 0.31992459297180176
        },
        "disgusted": {
          "accuracy": 0.9322033898305084,
          "f1": 0.5,
          "cosine_sim": 0.24292197823524475
        },
        "excited": {
          "accuracy": 0.9138418079096046,
          "f1": 0.47863247863247865,
          "cosine_sim": 0.33511626720428467
        },
        "anxious": {
          "accuracy": 0.905367231638418,
          "f1": 0.49624060150375937,
          "cosine_sim": 0.27351051568984985
        },
        "hostile": {
          "accuracy": 0.9166666666666666,
          "f1": 0.37894736842105264,
          "cosine_sim": 0.330466091632843
        },
        "tender": {
          "accuracy": 0.9265536723163842,
          "f1": 0.46938775510204084,
          "cosine_sim": 0.3707229197025299
        },
        "frustrated": {
          "accuracy": 0.9251412429378532,
          "f1": 0.46464646464646464,
          "cosine_sim": 0.2805595397949219
        }
      }
    },
    "29": {
      "multinomial_accuracy": 0.5466101694915254,
      "multinomial_macro_f1": 0.5221445676977013,
      "binary_probes": {
        "angry": {
          "accuracy": 0.9067796610169492,
          "f1": 0.37735849056603776,
          "cosine_sim": 0.3814571797847748
        },
        "afraid": {
          "accuracy": 0.9096045197740112,
          "f1": 0.37254901960784315,
          "cosine_sim": 0.4045661389827728
        },
        "happy": {
          "accuracy": 0.9350282485875706,
          "f1": 0.5576923076923077,
          "cosine_sim": 0.4099963307380676
        },
        "sad": {
          "accuracy": 0.922316384180791,
          "f1": 0.42105263157894735,
          "cosine_sim": 0.3532528579235077
        },
        "disgusted": {
          "accuracy": 0.923728813559322,
          "f1": 0.47058823529411764,
          "cosine_sim": 0.28833940625190735
        },
        "excited": {
          "accuracy": 0.9180790960451978,
          "f1": 0.42,
          "cosine_sim": 0.3357502520084381
        },
        "anxious": {
          "accuracy": 0.9110169491525424,
          "f1": 0.47058823529411764,
          "cosine_sim": 0.29173678159713745
        },
        "hostile": {
          "accuracy": 0.9307909604519774,
          "f1": 0.5050505050505051,
          "cosine_sim": 0.40710675716400146
        },
        "tender": {
          "accuracy": 0.9322033898305084,
          "f1": 0.5471698113207547,
          "cosine_sim": 0.3730030357837677
        },
        "frustrated": {
          "accuracy": 0.903954802259887,
          "f1": 0.39285714285714285,
          "cosine_sim": 0.32625073194503784
        }
      }
    },
    "47": {
      "multinomial_accuracy": 0.5988700564971752,
      "multinomial_macro_f1": 0.5728071213234099,
      "binary_probes": {
        "angry": {
          "accuracy": 0.9124293785310734,
          "f1": 0.39215686274509803,
          "cosine_sim": 0.43938493728637695
        },
        "afraid": {
          "accuracy": 0.9180790960451978,
          "f1": 0.35555555555555557,
          "cosine_sim": 0.4406505823135376
        },
        "happy": {
          "accuracy": 0.9378531073446328,
          "f1": 0.5686274509803921,
          "cosine_sim": 0.5490292310714722
        },
        "sad": {
          "accuracy": 0.9124293785310734,
          "f1": 0.40384615384615385,
          "cosine_sim": 0.423708975315094
        },
        "disgusted": {
          "accuracy": 0.9378531073446328,
          "f1": 0.5416666666666666,
          "cosine_sim": 0.37316787242889404
        },
        "excited": {
          "accuracy": 0.9194915254237288,
          "f1": 0.49557522123893805,
          "cosine_sim": 0.4679587483406067
        },
        "anxious": {
          "accuracy": 0.9336158192090396,
          "f1": 0.584070796460177,
          "cosine_sim": 0.4096633791923523
        },
        "hostile": {
          "accuracy": 0.9251412429378532,
          "f1": 0.4175824175824176,
          "cosine_sim": 0.47199875116348267
        },
        "tender": {
          "accuracy": 0.9350282485875706,
          "f1": 0.5106382978723404,
          "cosine_sim": 0.47511881589889526
        },
        "frustrated": {
          "accuracy": 0.922316384180791,
          "f1": 0.38202247191011235,
          "cosine_sim": 0.37850698828697205
        }
      }
    }
  }
}