{
  "best_layer": 16,
  "best_macro_f1": 0.6466974594715935,
  "per_layer": {
    "12": {
      "multinomial_accuracy": 0.6416666666666667,
      "multinomial_macro_f1": 0.6447668459863581,
      "binary_probes": {
        "frustrated": {
          "accuracy": 0.8083333333333333,
          "f1": 0.08,
          "cosine_sim": 0.6213053464889526
        },
        "anxious": {
          "accuracy": 0.8583333333333333,
          "f1": 0.32,
          "cosine_sim": 0.6961956024169922
        },
        "happy": {
          "accuracy": 0.875,
          "f1": 0.5454545454545454,
          "cosine_sim": 0.700705349445343
        },
        "angry": {
          "accuracy": 0.8416666666666667,
          "f1": 0.3870967741935484,
          "cosine_sim": 0.651283860206604
        },
        "excited": {
          "accuracy": 0.8833333333333333,
          "f1": 0.5625,
          "cosine_sim": 0.6340538859367371
        }
      }
    },
    "16": {
      "multinomial_accuracy": 0.6416666666666667,
      "multinomial_macro_f1": 0.6466974594715935,
      "binary_probes": {
        "frustrated": {
          "accuracy": 0.7666666666666667,
          "f1": 0.125,
          "cosine_sim": 0.5056983828544617
        },
        "anxious": {
          "accuracy": 0.875,
          "f1": 0.5161290322580645,
          "cosine_sim": 0.6254123449325562
        },
        "happy": {
          "accuracy": 0.9,
          "f1": 0.6842105263157895,
          "cosine_sim": 0.6044463515281677
        },
        "angry": {
          "accuracy": 0.8416666666666667,
          "f1": 0.3870967741935484,
          "cosine_sim": 0.5471360683441162
        },
        "excited": {
          "accuracy": 0.8583333333333333,
          "f1": 0.5142857142857142,
          "cosine_sim": 0.5545481443405151
        }
      }
    },
    "24": {
      "multinomial_accuracy": 0.6,
      "multinomial_macro_f1": 0.6018694698927257,
      "binary_probes": {
        "frustrated": {
          "accuracy": 0.7583333333333333,
          "f1": 0.21621621621621623,
          "cosine_sim": 0.4083468019962311
        },
        "anxious": {
          "accuracy": 0.8833333333333333,
          "f1": 0.5625,
          "cosine_sim": 0.5078381299972534
        },
        "happy": {
          "accuracy": 0.9,
          "f1": 0.6842105263157895,
          "cosine_sim": 0.47116369009017944
        },
        "angry": {
          "accuracy": 0.85,
          "f1": 0.47058823529411764,
          "cosine_sim": 0.4128994345664978
        },
        "excited": {
          "accuracy": 0.8666666666666667,
          "f1": 0.5789473684210527,
          "cosine_sim": 0.42454099655151367
        }
      }
    }
  }
}