{
  "best_layer": 47,
  "best_macro_f1": 0.7509715843045056,
  "per_layer": {
    "17": {
      "multinomial_accuracy": 0.729064039408867,
      "multinomial_macro_f1": 0.6973844267447692,
      "binary_probes": {
        "frustrated": {
          "accuracy": 0.874384236453202,
          "f1": 0.48484848484848486,
          "cosine_sim": 0.3143097162246704
        },
        "anxious": {
          "accuracy": 0.896551724137931,
          "f1": 0.6440677966101694,
          "cosine_sim": 0.3355477452278137
        },
        "happy": {
          "accuracy": 0.9408866995073891,
          "f1": 0.7966101694915254,
          "cosine_sim": 0.5355692505836487
        },
        "angry": {
          "accuracy": 0.9039408866995073,
          "f1": 0.6608695652173913,
          "cosine_sim": 0.39401310682296753
        },
        "excited": {
          "accuracy": 0.8842364532019704,
          "f1": 0.5436893203883495,
          "cosine_sim": 0.3141475319862366
        }
      }
    },
    "29": {
      "multinomial_accuracy": 0.7315270935960592,
      "multinomial_macro_f1": 0.7031372852664101,
      "binary_probes": {
        "frustrated": {
          "accuracy": 0.8694581280788177,
          "f1": 0.4536082474226804,
          "cosine_sim": 0.36009150743484497
        },
        "anxious": {
          "accuracy": 0.8940886699507389,
          "f1": 0.6386554621848739,
          "cosine_sim": 0.3362635374069214
        },
        "happy": {
          "accuracy": 0.9532019704433498,
          "f1": 0.8376068376068376,
          "cosine_sim": 0.48944801092147827
        },
        "angry": {
          "accuracy": 0.8866995073891626,
          "f1": 0.5892857142857143,
          "cosine_sim": 0.40758612751960754
        },
        "excited": {
          "accuracy": 0.8669950738916257,
          "f1": 0.5178571428571429,
          "cosine_sim": 0.361503541469574
        }
      }
    },
    "47": {
      "multinomial_accuracy": 0.7807881773399015,
      "multinomial_macro_f1": 0.7509715843045056,
      "binary_probes": {
        "frustrated": {
          "accuracy": 0.8694581280788177,
          "f1": 0.3764705882352941,
          "cosine_sim": 0.3974846601486206
        },
        "anxious": {
          "accuracy": 0.9039408866995073,
          "f1": 0.6929133858267716,
          "cosine_sim": 0.4588499665260315
        },
        "happy": {
          "accuracy": 0.9507389162561576,
          "f1": 0.8360655737704918,
          "cosine_sim": 0.6154630184173584
        },
        "angry": {
          "accuracy": 0.8793103448275862,
          "f1": 0.5333333333333333,
          "cosine_sim": 0.5053569078445435
        },
        "excited": {
          "accuracy": 0.9310344827586207,
          "f1": 0.7407407407407407,
          "cosine_sim": 0.4941207766532898
        }
      }
    }
  }
}